ID,index,probability
K#0050,50,0.119792
K#0051,51,1.000000
K#0052,52,1.000000
K#0053,53,0.415796
K#0054,54,0.001745
K#0055,55,0.917670
K#0056,56,0.999987
K#0057,57,0.000010
K#0058,58,1.000000
K#0059,59,0.558386
K#0060,60,0.296799
K#0061,61,0.001861
K#0062,62,0.036745
K#0063,63,0.002536
K#0064,64,0.000001
K#0065,65,0.999675
K#0066,66,1.000000
K#0067,67,1.000000
K#0068,68,0.037217
K#0069,69,1.000000
K#0070,70,0.999216
K#0071,71,0.941716
K#0072,72,0.050533
K#0073,73,0.989170
K#0074,74,0.000406
